{
 "files": [
  {
   "format": 1, 
   "ftype": "dir", 
   "chksum_sha256": null, 
   "name": ".", 
   "chksum_type": null
  }, 
  {
   "ftype": "dir", 
   "chksum_sha256": null, 
   "name": "roles", 
   "chksum_type": null, 
   "format": 1
  }, 
  {
   "ftype": "dir", 
   "chksum_sha256": null, 
   "name": "roles/patching", 
   "chksum_type": null, 
   "format": 1
  }, 
  {
   "ftype": "dir", 
   "chksum_sha256": null, 
   "name": "roles/patching/tasks", 
   "chksum_type": null, 
   "format": 1
  }, 
  {
   "ftype": "file", 
   "chksum_sha256": "30990ce76af26d8ef9bfe715b811d30c3e02a1762f8245a8f9342626fbfc6b92", 
   "name": "roles/patching/tasks/main.yml", 
   "chksum_type": "sha256", 
   "format": 1
  }, 
  {
   "ftype": "file", 
   "chksum_sha256": "6e47920722c515fb58494633adefceb592fb7a8cd9e31c8b68e6b20745a20691", 
   "name": "roles/patching/tasks/update_with_reboot.yml", 
   "chksum_type": "sha256", 
   "format": 1
  }, 
  {
   "ftype": "file", 
   "chksum_sha256": "6f0960e3890a03f77af86a1390dac31914e36dff077fb817f1295c41f149b5e0", 
   "name": "roles/patching/tasks/update_NO_reboot.yml", 
   "chksum_type": "sha256", 
   "format": 1
  }, 
  {
   "ftype": "dir", 
   "chksum_sha256": null, 
   "name": "roles/patching/files", 
   "chksum_type": null, 
   "format": 1
  }, 
  {
   "ftype": "file", 
   "chksum_sha256": "67b54c0d786245b64a04581eb50da2bbe26dc993612a9038752129216fe50eba", 
   "name": "roles/patching/files/services-node1.yml", 
   "chksum_type": "sha256", 
   "format": 1
  }, 
  {
   "ftype": "dir", 
   "chksum_sha256": null, 
   "name": "roles/patching/vars", 
   "chksum_type": null, 
   "format": 1
  }, 
  {
   "ftype": "file", 
   "chksum_sha256": "9e9eea23c3e6d8ad67873637d871c5fda5903c7933fd3fa8e284fbb4a98b8a73", 
   "name": "roles/patching/vars/main.yml", 
   "chksum_type": "sha256", 
   "format": 1
  }, 
  {
   "ftype": "dir", 
   "chksum_sha256": null, 
   "name": "roles/patching/meta", 
   "chksum_type": null, 
   "format": 1
  }, 
  {
   "ftype": "file", 
   "chksum_sha256": "e852baa4dc43f1a1f89c8f16d67bc0c121f247c6c9495a1c6e794483e37fc519", 
   "name": "roles/patching/meta/main.yml", 
   "chksum_type": "sha256", 
   "format": 1
  }, 
  {
   "ftype": "dir", 
   "chksum_sha256": null, 
   "name": "roles/patching/defaults", 
   "chksum_type": null, 
   "format": 1
  }, 
  {
   "ftype": "file", 
   "chksum_sha256": "31169fb4b007515a0a45664611e55d5a3a534e14d2b59d4e820526874473ec36", 
   "name": "roles/patching/defaults/main.yml", 
   "chksum_type": "sha256", 
   "format": 1
  }, 
  {
   "ftype": "dir", 
   "chksum_sha256": null, 
   "name": "roles/patching/handlers", 
   "chksum_type": null, 
   "format": 1
  }, 
  {
   "ftype": "file", 
   "chksum_sha256": "cd32f5a4b937505d0c26541f17985b571a293d5b8c9b874ff8e28bdc25c55230", 
   "name": "roles/patching/handlers/main.yml", 
   "chksum_type": "sha256", 
   "format": 1
  }, 
  {
   "ftype": "file", 
   "chksum_sha256": "df543b9f69e6df0e4ea68a4489bc5ec18b67e5613d8ac44665c8fbddeb2507c1", 
   "name": "roles/patching/README.md", 
   "chksum_type": "sha256", 
   "format": 1
  }, 
  {
   "ftype": "dir", 
   "chksum_sha256": null, 
   "name": "plugins", 
   "chksum_type": null, 
   "format": 1
  }, 
  {
   "ftype": "file", 
   "chksum_sha256": "c82ee692702ec1dd604cdbc38ff252114e5204e1b0627045a66c9451e7a918ac", 
   "name": "plugins/README.md", 
   "chksum_type": "sha256", 
   "format": 1
  }, 
  {
   "ftype": "dir", 
   "chksum_sha256": null, 
   "name": "docs", 
   "chksum_type": null, 
   "format": 1
  }, 
  {
   "ftype": "file", 
   "chksum_sha256": "df543b9f69e6df0e4ea68a4489bc5ec18b67e5613d8ac44665c8fbddeb2507c1", 
   "name": "README.md", 
   "chksum_type": "sha256", 
   "format": 1
  }, 
  {
   "ftype": "file", 
   "chksum_sha256": "b3df1d55a9fb4cf9a93abf2991fb14dc7cb5c0301b0256736bf1ec8050f19ad4", 
   "name": "patching_linux.yml", 
   "chksum_type": "sha256", 
   "format": 1
  }
 ], 
 "format": 1
}